program_id,program_name,qualified_program_name,begin_annotation_id,end_annotation_id
1,C3_C4_map_present_NA,C3_C4_map_present_NA,1,79
2,fetch_SYNMAP_land_cover_map_variable,C3_C4_map_present_NA.fetch_SYNMAP_land_cover_map_variable,14,25
3,fetch_monthly_mean_air_temperature_data,C3_C4_map_present_NA.fetch_monthly_mean_air_temperature_data,26,31
4,fetch_monthly_mean_precipitation_data,C3_C4_map_present_NA.fetch_monthly_mean_precipitation_data,32,37
5,initialize_Grass_Matrix,C3_C4_map_present_NA.initialize_Grass_Matrix,38,41
6,examine_pixels_for_grass,C3_C4_map_present_NA.examine_pixels_for_grass,42,51
7,generate_netcdf_file_for_C3_fraction,C3_C4_map_present_NA.generate_netcdf_file_for_C3_fraction,52,60
8,generate_netcdf_file_for_C4_fraction,C3_C4_map_present_NA.generate_netcdf_file_for_C4_fraction,61,69
9,generate_netcdf_file_for_Grass_fraction,C3_C4_map_present_NA.generate_netcdf_file_for_Grass_fraction,70,78
